{"stats":{"minecraft:custom":{"minecraft:jump":263,"minecraft:time_since_rest":13497,"minecraft:walk_on_water_one_cm":1148,"minecraft:leave_game":6,"minecraft:play_time":13497,"minecraft:sprint_one_cm":14570,"minecraft:damage_taken":70,"minecraft:time_since_death":13497,"minecraft:walk_one_cm":11685,"minecraft:total_world_time":13497,"minecraft:walk_under_water_one_cm":5341,"minecraft:swim_one_cm":188,"minecraft:fall_one_cm":6897,"minecraft:fly_one_cm":75297},"minecraft:used":{"alexsmobs:animal_dictionary":1}},"DataVersion":3465}