{"stats":{"minecraft:custom":{"minecraft:jump":116,"minecraft:time_since_rest":4293,"minecraft:walk_on_water_one_cm":1111,"minecraft:damage_dealt":67,"minecraft:crouch_one_cm":1604,"minecraft:leave_game":2,"minecraft:play_time":4293,"minecraft:sprint_one_cm":19421,"minecraft:damage_taken":80,"minecraft:time_since_death":4293,"minecraft:walk_one_cm":7701,"minecraft:sneak_time":482,"minecraft:total_world_time":4293,"minecraft:walk_under_water_one_cm":627,"minecraft:swim_one_cm":1665,"minecraft:drop":1,"minecraft:fly_one_cm":41041,"minecraft:fall_one_cm":1378},"minecraft:picked_up":{"minecraft:rotten_flesh":2,"minecraft:sugar_cane":7},"minecraft:mined":{"minecraft:sugar_cane":2,"minecraft:fern":1},"minecraft:dropped":{"minecraft:rotten_flesh":2}},"DataVersion":3465}