{"stats":{"minecraft:custom":{"minecraft:jump":122,"minecraft:open_chest":2,"minecraft:time_since_rest":3264,"minecraft:crouch_one_cm":182,"minecraft:leave_game":1,"minecraft:sprint_one_cm":13146,"minecraft:play_time":3264,"minecraft:walk_on_water_one_cm":2207,"minecraft:time_since_death":3264,"minecraft:walk_one_cm":915,"minecraft:sneak_time":159,"minecraft:total_world_time":3264,"minecraft:walk_under_water_one_cm":2913,"minecraft:swim_one_cm":9288,"minecraft:fall_one_cm":2566,"minecraft:fly_one_cm":36463},"minecraft:mined":{"minecraft:sugar_cane":6,"minecraft:sand":3},"minecraft:used":{"minecraft:sand":1},"minecraft:picked_up":{"minecraft:sand":1,"minecraft:sugar_cane":17}},"DataVersion":3463}