{
  "minecraft:recipes/decorations/crafting_table": {
    "criteria": {
      "unlock_right_away": "2024-10-14 00:10:09 +0000"
    },
    "done": true
  },
  "minecraft:adventure/adventuring_time": {
    "criteria": {
      "minecraft:frozen_river": "2024-10-14 00:11:24 +0000",
      "minecraft:snowy_plains": "2024-10-14 00:11:27 +0000",
      "minecraft:snowy_taiga": "2024-10-14 00:10:10 +0000",
      "minecraft:snowy_beach": "2024-10-14 00:11:28 +0000"
    },
    "done": false
  },
  "DataVersion": 3465
}